id,category,sub_category,level,has_table,has_fomula,question,A,B,C,D,E,gold
1,미시경제,수요공급이론,H,N,Y,"어느 소비자의 X재에 대한 수요함수가 \(Q_{D} = \frac{0.5I}{P^{2}}\)라고 한다. 이 소비자의 X재에 대한 수요의
가격탄력성(절댓값 기준)과 소득탄력성의 합은? (단, \(I\)는 소득, \(P\)는 X재 가격이다.)",1,1.5,2,2.5,3,E
2,미시경제,소비자이론,H,N,N,"두 재화(X재와 Y재)만 존재하는 경우의 무차별곡선에 대한 다음 설명 중 옳은 것을 모두 고르면?

가) 한 재화의 한계효용은 양(+)이나, 다른 재화의 한계효용이 음(-)이면, 무차별곡선은 우상향한다.
나) 두 재화의 한계효용이 양(+)인 경우, 원점에서 더 멀리 위치한 무차별곡선은 더 높은 효용수준을 나타낸다.
다) 원점에 강볼록한 무차별곡선은 두 재화의 한계효용은 모두 체감한다는 것을 의미한다.",가),"가), 나)","가), 다)","나), 다)","가), 나), 다)",B
3,미시경제학,소비자이론,H,N,Y,"효용함수(\(U\))가 \(U = \max\{ 4\sqrt{2X},\,\, X + 2Y\}\)인 소비자를
고려하자. \(X = 8\), \(Y = 2\)에서 X재의 한계효용과 Y재의 한계효용을
각각 구하면?","X재 한계효용 1/2, Y재 한계효용 0","X재 한계효용 1, Y재 한계효용 0","X재 한계효용 2, Y재 한계효용 0","X재 한계효용 1, Y재 한계효용 2","X재 한계효용 1/2, Y재 한계효용 2",B
4,미시경제학,소비자선택,H,N,Y,"효용함수가 \(U = 4X^{1/4}Y^{3/4}\)인 어느 소비자의 소득은 160이다.
X재와 Y재의 단위당 가격이 각각 2와 6이라고 한다. 균형에서 이 소비자의
소득 1단위당 한계효용은?",01월 03일,01월 02일,1,2,3,B
5,미시경제학,수요공급이론,H,N,N,"어느 완전경쟁시장에서 거래되는 재화에 정부가 단위당 10의 세금을 부과하자 소비자가격이 단위당 6만큼 상승하고, 거래량은 160단위에서 140단위로 감소하였다. 세금부과로 인한 생산자잉여 감소분은? (단, 수요함수와 공급함수는 직선이다.)",480,520,560,600,640,D
6,미시경제학,현시선호이론,H,N,Y,"어느 소비자의 기간별 선택에 대해 다음 식이 성립한다고 한다. (단, \(P_{t},\,\, Q_{t}\)는 각각 \(t\)기에 주어진 가격 벡터와 이 소비자가 선택한 상품묶음을 나타낸다.)
\(P_{0}Q_{0} \geq P_{0}Q_{1}\)
\(P_{1}Q_{1} \geq P_{1}Q_{2}\)
\(P_{0}Q_{0}\langle P_{0}Q_{2}\)
현시선호이론에 근거해 다음 설명 중 옳은 것을 모두 고르면?
가) \(Q_{0}\)이 \(Q_{1}\)보다 선호되는 것이 직접적으로 현시되었다.
나) \(Q_{0}\)이 \(Q_{2}\)보다 선호되는 것이 직접적으로 현시되었다.
다) \(Q_{1}\)이 \(Q_{2}\)보다 선호되는 것이 직접적으로 현시되었다.",가),"가), 나)","가), 다)","나), 다)","가), 나), 다)",C
7,미시경제학,소비자이론,H,N,N,"효용함수(\(U\))가 \(U = \min\{ X,\, 2Y\}\)이며, 소득이 2,500인 어느
소비자를 고려하자. 초기 X재와 Y재의 가격이 각각 10, 20이었으나, 정부가
X재에 세금을 부과하여 X재 가격이 15로 상승하였다. X재에 대한 세금부과로
인해 발생한 이 소비자의 후생 변화를 대등변화(equivalent variation)로
측정하면?",220 감소,280 감소,340 감소,400 감소,500 감소,E
8,미시경제학,기대효용이론,H,N,Y,"자산(\(W\))에 대한 폰 노이만-모겐스턴(von Neumann -Morgenstern)
효용함수가 \(U(W) = 5\sqrt{2W + 400}\)인 어느 개인을 고려하자. 이 사람의
자산은 증권만으로 구성되어 있으며, 증권 가격은 1/3의 확률로 1,600, 2/3의
확률로 250이 된다. 이 사람의 증권에 대한 확실성등가(certainty
equivalence)는?",480,600,700,850,950,B
9,미시경제학,소비자이론,H,N,N,"보통수요곡선(함수)과 보상수요곡선(함수)에 대한 다음 설명 중 옳은 것을 모두 고르면?

가) 소비자의 지출 극소화 문제에서 도출된 수요함수는 보상수요함수에 해당한다.
나) 보상수요곡선은 언제나 우하향한다.
다) 수요의 소득탄력성이 1이면 보상수요곡선과 보통수요곡선은 일치한다.",가),나),다),"가), 나)","나), 다)",D
10,미시경제학,생산자이론,H,N,Y,"어느 기업의 생산함수가 \(Q = {AL}^{0.4}K^{0.8}\)라고 하자. 다음 설명
중 옳은 것을 모두 고르면? (단, \(A\)는 양(+)의 상수, \(Q\)는 생산량,
\(L\)과 \(K\)는 각각 노동 및 자본투입량이다.)
가) 규모에 대한 수익이 체증한다.
나) 노동과 자본의 한계생산물은 체감한다.
다) 생산요소 사이의 대체탄력성은 1보다 크다.
라) 노동투입량과 자본투입량이 두 배로 증가하면 한계기술대체율은 감소한다.","가), 나)","가), 다)","나), 다)","나), 라)","다), 라)",A
11,미시경제학,비용이론,H,N,Y,"두 개의 공장(공장 1, 공장 2)을 운영하는 어느 기업의 공장별
비용함수가 아래와 같다. 8단위를 생산할 때 최소 생산비용은? (단,
\(C_{i}\)와 \(q_{i}\)는 각각 공장 \(i\)에서의 비용과 생산량을 나타낸다.)

공장 1: \(C_{1} = 2{q_{1}}^{2}\)
공장 2: \(C_{2} = {q_{2}}^{2} + 8q_{2} + 50\,\,\, if\, q_{2}\rangle 0,\,\,\,\, C_{2} = 0\,\,\,\, if\, q_{2} = 0\)",128,130,142,148,160,A
12,미시경제학,완전경쟁시장,H,N,Y,"어느 완전경쟁시장에서 활동하는 기업의 총비용함수가 \(TC = Q^{3} - 14Q^{2} + 50Q + 30\)로 표시된다고 하자. 다음 설명 중 옳은 것을 모두 고르면? (단, \(Q\)는 생산량이다.)

가) 이 비용함수는 단기 비용함수이다.
나) 평균비용곡선은 U자형이다.
다) \(Q = 7\)에서 한계비용과 평균비용이 일치한다.",가), 다),"가), 나)","나), 다)","가), 나), 다)",C
13,미시경제학,독점시장,H,N,N,"어느 독점시장에서 수요의 가격탄력성은 수요량과 관계없이 일정하며, 독점기업의 한계비용도 생산량과 관계없이 일정하다. 한계비용이 12에서 15로 상승하자 이윤극대화를 하는 독점기업은 가격을 한계비용 변화 전보다 4만큼 인상하였다. 독점기업이 한계비용 상승 후 책정한 가격은?",12,14,16,20,24,D
14,미시경제학,과점시장,H,N,Y,"시장수요의 역함수가 \(P = 40 - 0.5Q\)인 복점시장에서 기업 1이 먼저
생산량을 결정하는 슈타켈버그(Stackelberg) 모형을 가정하자. 두 기업의
비용함수가 아래와 같다. 부분게임 완전균형에서 기업 2의 생산량은? (단,
\(Q = q_{1} + q_{2}\)이며, \(P\)는 시장가격이다.)

기업 1의 비용함수: \(C_{1} = {q_{1}}^{2}\)
기업 2의 비용함수: \(C_{2} = 10q_{2}\)",10,16,20,25,30,D
15,미시경제학,복점시장,H,N,Y,"시장수요의 역함수가 \(P = 40 - Q\)인 복점시장에서 두 기업(기업 1과 기업 2)이 꾸르노(Cournot) 경쟁을 한다. 
두 기업 모두에게 고정비용이 있으며, 기업 \(i\)의 비용함수는 아래와 같다. (단, \(Q = q_{1} + q_{2}\)이며, \(P\)는 시장가격이다.)

\(C_{i} = 10q_{i} + 60\,\,\, if\, q_{i}\rangle 0\),
\(C_{i} = 0\,\, if\, q_{i} = 0\)

다음 중 내쉬균형을 모두 고르면?
가) \(q_{1} = 10,\,\, q_{2} = 10\)
나) \(q_{1} = 15,\,\, q_{2} = 0\)
다) \(q_{1} = 0,\,\, q_{2} = 15\)",가),나),다),"나), 다)","가), 나), 다)",E
16,미시경제학,과점시장,H,N,N,"독점적 경쟁시장에 대한 다음 설명 중 옳은 것을 모두 고르면?

가) 장기균형 생산량은 평균총비용이 최소화되는 생산량보다 적다.
나) 기업들이 생산하는 재화 사이의 교차탄력성은 0보다 크다.
다) 장기균형에서 개별기업은 양(+)의 초과이윤을 얻는다.
라) 시장수요곡선은 우하향하나 개별기업이 직면하는 수요곡선은 수평이다.","가), 나)","가), 라)","나), 다)","나), 라)","다), 라)",A
17,미시경제학,생산요소시장,H,N,Y,"생산물시장에서 독점인 어떤 기업이 노동시장에서는 수요독점이다.
생산물시장에서 수요의 역함수는 \(P = 250 - 2Q\)이며, 노동시장에서 공급의
역함수는 \(w = 10 + 0.5L\)이다. 이 기업의 생산함수가 \(Q = 3L\)일 때,
균형에서 임금은? (단, \(P\)는 생산물 가격, \(P\)는 생산량, \(w\)는 임금,
\(L\)은 고용량이다.)",20,24,26,30,34,A
18,미시경제학,시장실패,H,N,Y,"두 사람(A와 B)으로 구성된 경제를 고려하자. 공공재에 대한 A와 B의
수요함수가 각각 \(Q_{A} = 20 - \frac{1}{2}P\), \(Q_{B} = 90 - 2P\)이다.
공공재 공급의 총비용은 \(34Q\)이다. 최적의 공공재 공급량은?",16,18,22,25,30,C
19,미시경제,일반균형이론,H,N,Y,"두 소비자(A와 B)와 두 재화(X재와 Y재)만 존재하는 순수교환경제를
고려하자. 두 소비자의 효용함수가 아래와 같다.

·소비자 A: 효용함수 \(U_{A} = \min\{ x_{A},\, 2y_{A}\}\),
·소비자 B: 효용함수 \(U_{B} = 2{x_{B}}^{2/3}\,\,\,{y_{B}}^{1/3}\),
(단, \(U_{i},\, x_{i},\, y_{i}\)는 각각 소비자 \(i\)의 효용, X재 소비량, Y재 소비량을 나타낸다.)

이 경제에 \(X\)재 40단위, \(Y\)재 24단위가 존재한다고 할 때, 파레토
효율적인 자원배분에서 A의 소비량에 해당하는 것을 모두 고르면? (단, A에게
배분되고 남는 것은 모두 B에게 배분된다.)
가) \(x_{A} = 0,\,\, y_{A} = 0\)
나) \(x_{A} = 20,\,\, y_{A} = 10\)
다) \(x_{A} = 40,\,\, y_{A} = 22\)",가),나),"가), 나)","나), 다)","가), 나), 다)",E
20,계량경제,단순 회귀 모형,H,N,Y,"다음 보기 안의 제시문을 읽고 물음에 답하시오.
단순 회귀 모형 \(Y_{i} = \beta_{0} + \beta_{1}X_{i} + u_{i}\)을
최소제곱법으로 추정하여 다음식을 얻었다.

\(\widehat{Y_{i}}\, = \, 43.6\, + \, 2.3\, X_{i}\)

여기서 \(Y_{i}\)는 \(i\)번째 근로자의 연간 소득 (단위는 백만원) 그리고
\(X_{i}\)는 남성 더미변수(남성이면 1, 여성이면 0)이다.

위 제시문의 결과를 이용하여 여성 근로자의 연간 평균 소득으로 옳은
것을 고르시오.",1.1(백만원),21.3(백만원),43.6(백만원),57.8(백만원),65.1(백만원),C
21,계량경제,단순 회귀 모형,H,N,Y,"다음 보기 안의 제시문을 읽고 물음에 답하시오.
단순 회귀 모형 \(Y_{i} = \beta_{0} + \beta_{1}X_{i} + u_{i}\)을
최소제곱법으로 추정하여 다음식을 얻었다.

\(\widehat{Y_{i}}\, = \, 43.6\, + \, 2.3\, X_{i}\)

여기서 \(Y_{i}\)는 \(i\)번째 근로자의 연간 소득 (단위는 백만원) 그리고
\(X_{i}\)는 남성 더미변수(남성이면 1, 여성이면 0)이다.

위 제시문의 결과를 이용하여 남성 근로자의 연간 평균소득으로 옳은
것을 고르시오.",1.3(백만원),31.3(백만원),42.7(백만원),45.9(백만원),56.6(백만원),D
22,계량경제,확률변수,H,N,Y,"확률변수 \(X\)의 평균은 4, 분산은 9이다. 확률변수 \(W\)를 다음과
같이 정의하자: \(W\, = \, X^{2} + 2X - 3\). \(W\)의 평균은?",16,22,29,30,33,D
23,계량경제,확률변수,H,N,Y,"확률변수 \(X\)와 \(Y\)에 대해서 다음과 같은 사실이 알려져 있다.
\(E\lbrack Y\, \mid \, X\rbrack\, = \, 2X - 3\),
\(E\lbrack X\rbrack\, = \, 1.4\), \(E\lbrack X^{2}\rbrack\, = \, 3.6\).
\(E\lbrack XY\rbrack\)의 값을 구하시오.",-0.6,3,4.2,7.2,11.4,B
24,계량경제,통계적 검정,H,N,Y,"철강 생산량은 다음 회귀모형 \(Y_{i\,}\, = \,\beta_{0} + \beta_{1}X_{i\,\,} + \, u_{i\,}\)과 같이 결정된다고 알려져 있다. 여기서 \(Y_{i}\)는 철강 생산량, \(X_{i}\)는 철강의 주요 원재료인 철광석 투입량이다. 위 회귀식을 추정하여 다음 결과를 얻었다:

\(\widehat{Y_{i}} = 3.61 + 0.96X_{i}\,\,\,\,\,\,\,\,\,\,\,\,\,\,\,\,\,\,\,\,\,\,\,\, R^{2} = 0.28\ \,\,\,\,\,\,\,\,\,\,\,\,(2.1)\,\,\,\,(0.35)\) \\

괄호 안의 숫자는 회귀계수 추정치의 표준오차, \(R^{2}\)는 결정계수이다.
철광석 투입량이 철강 생산량에 유의미한 영향을 주는지 통계적 검정을 할 때, 다음 중 t-통계량의 값으로 올바른 것은? (소수점 셋째 자리에서 반올림해서 답을 구하시오)",0.28,0.96,1.72,2.1,2.74,E
25,계량경제,회귀식의 활용,H,N,Y,"고등학생 5,000명을 대상으로 한 설문조사 자료를 사용해서, 시험 점수와 학습 시간에 대한 선형 회귀식을 최소제곱법으로 추정하여 다음 결과를 얻었다:

\(\widehat{Y_{i}}\, = \, 11.3\, + \, 2.3\, X_{i}\)

여기서 \(Y_{i}\)는 \(i\)번째 학생의 시험 점수, \(X_{i}\)는 일주일 동안의
학습량 (단위는 시간)이다. 일주일에 공부하는 시간을 5시간 늘린다면 점수는
평균적으로 얼마나 변화하는가?",2.3,11.5,13.6,22.8,주어진 조건으로는 답을 구할 수 없다.,B
26,계량경제,신뢰구간,H,N,Y,"고등학생 5,000명을 대상으로 한 설문조사 자료를 사용해서, 시험 점수와
학습 시간에 대한 선형 회귀식을 최소제곱법으로 추정하여 다음 결과를
얻었다.

(\widehat{Y_{i}}\, = \, 11.3\, + \, 2.3\, X_{i}\ \,\,\,\,\,\,\,\,\,\,\,\,\,\,\,(4.23)\,\,\,\,\,(1.71)\)

여기서 \(Y_{i}\)는 \(i\)번째 학생의 시험 점수, \(X_{i}\)는 일주일 동안의
학습 시간이고, 괄호 안의 숫자는 회귀계수 추정치의 표준오차이다. 만일
일주일에 공부하는 시간을 5시간 늘린다면 점수가 평균적으로 얼마나
변화할지에 관심이 있다. 이 효과의 95\% 신뢰구간을 구하시오.","(-1.05, 5.65)","(3.01, 19.60)","(-5.26, 28.26)","(15.05, 97.95)","(-10.47, 33.47)",C
27,계량경제,회귀모형 이론,H,N,Y,"최소제곱법의 잔차항을 다음과 같이 정의한다:
\(\widehat{u_{i}}\, = \, Y_{i}\, - \,\widehat{\beta_{0}}\, - \,\widehat{\beta_{0}}X_{i}\).
다음 중 잔차항의 총합 \(\sum_{i = 1}^{n}\widehat{u_{i}}\)에 대한
설명으로 옳은 것은?",잔차항의 총합은 항상 양수이다.,잔차항의 총합은 항상 음수이다.,잔차항의 총합은 항상 0이다.,"잔차항의 총합의 부호는 \(Y_{i}\)의 부호가 주로 양수인지 음수인지에
달려있다.","잔차항의 총합의 부호는 \(X_{i}\)의 부호가 주로 양수인지 음수인지에
달려있다.",C
28,계량경제,통계적 검정,H,N,Y,"송이버섯 수확량을 \(Y_{i}\)라 하고 버섯 채취에 투입된 노동시간을
\(X_{i}\)라 할 때, 다음과 같은 회귀분석 결과를 얻었다:
\(\widehat{Y_{i}} = 0.82 + 3.5X_{i}\).

만일 회귀식의 기울기에 대한 t-통계량의 값이 2.5이라 알려져 있다면 기울기
계수의 추정치의 표준오차는?",0.71,0.82,1.4,3.5,8.75,C
29,계량경제,다중회귀분석,H,N,Y,"다중회귀분석에서 \(R^{2}\)은 결정계수, \(n\)은 표본의 개수, \(k\)는
회귀분석에 사용된 설명변수의 개수라 하자. (회귀식은 상수항을 포함하며,
상수항은 설명변수의 개수에 포함되지 않는다) 다음 중 수정된 결정계수
(adjusted \(R^{2}\)) \(\overline{R^{2}}\)를 구하기 위해 올바른 공식은
무엇인가?","\(\overline{R^{2}}\, = \, 1 - \frac{n - 1}{n - k - 1}R^{2}\)","\(\overline{R^{2}}\, = \,\frac{n - k - 1}{n - 1}R^{2}\)","\(\overline{R^{2}}\, = \,\frac{n - k - 1}{n - 1}(1 - R^{2})\)","\(\overline{R^{2}}\, = \, 1 - \frac{n - k - 1}{n - 1}(1 - R^{2})\)","\(\overline{R^{2}}\, = \, 1 - \frac{n - 1}{n - k - 1}(1 - R^{2})\)",E
30,계량경제,다중회귀분석,H,N,Y,"다중회귀분석에서 수정된 결정계수 (adjusted \(R^{2}\))
\(\overline{R^{2}}\)에 대한 설명으로 옳은 것은?",\(\overline{R^{2}}\)은 결정계수 \(R^{2}\)의 값보다 언제나 작다.,\(\overline{R^{2}}\)은 0보다 작을 수 없다.,\(\overline{R^{2}}\)은 1보다 클 수 있다.,\(\overline{R^{2}}\)은 표본 상관계수의 제곱과 같다.,"새로운 설명변수를 회귀식에 더 넣었을 때, \(\overline{R^{2}}\) 값은
항상 증가한다.",A
31,계량경제,통계적 검정법,H,N,Y,"다음 식 (A)은 \(X_{1},\,\, X_{2},\,\, X_{3}\)를 모두 설명변수로
사용한 회귀분석의 결과이고, 식 (B)는 \(X_{1}\)만을 설명변수로 사용한
결과이다.

\((A)\,:\,\,\widehat{Y}\, = \, 3.2 - 1.7X_{1} + 0.9X_{2} + 0.05X_{3},\,\,\,\,\, R^{2\,}\, = \, 0.60,\,\, n = 24.\ (B)\,\,:\,\,\widehat{Y}\, = \, 4.1 - 1.4X_{1}\,,\,\,\,\,\,\,\,\,\,\,\,\,\,\,\,\,\, R^{2}\, = \, 0.50,\,\,\,\,\,\,\,\, n = 24.\)

\(\beta_{2}\)을 \(X_{2}\)의 회귀계수, \(\beta_{3}\)을 \(X_{3}\)의
회귀계수라 하자. 다음 중 귀무가설 \(H_{0}:\beta_{2} = \beta_{3} = 0\) 을
검정하기 위한 \(F\)-통계량의 값으로 옳은 것은? (소수점 셋째 자리에서
반올림해서 답을 구하시오)",\(F = 1.75\),\(F = 2.50\),\(F = 2.63\),\(F = 3.33\),\(F = 5.00\),B
32,계량경제,비선형 회귀모형,H,N,Y,"로그-선형 모형 \(\ln(Y_{i})\, = \beta_{0} + \beta_{1}X_{i} + u_{i}\)을 사용하여 학생의
점수\(Y_{i}\)와 학습 시간 \(X_{i}\)의 관계를 추정하고자 한다. 이때 기울기 \(\beta_{1}\)의 해석으로 옳은 것을 고르시오. 단, \(\ln()\)은
자연로그를 의미한다.",점수가 1점 오르면 학습시간은 \(\beta_{1}\)\% 증가한다.,학습 시간이 1시간 증가하면 점수는 \(\beta_{1}\)점 오른다.,학습 시간이 1시간 증가하면 점수는 \(100\beta_{1}\)점 오른다.,학습 시간이 1시간 증가하면 점수는 \(\beta_{1}\)\% 오른다.,학습 시간이 1시간 증가하면 점수는 \(100\beta_{1}\)\% 오른다.,E
33,계량경제,비선형 회귀모형,H,N,Y,"기업의 매출액(\(Y_{i}\))과 연구개발비(\(X_{i}\))의 관계를 추정하고자
로그-로그 모형을 사용하여 다음과 같은 결과를 얻었다. 매출액과
연구개발비의 단위는 모두 백만원이다.

\widehat{\ln(Y_{i})}\, = 0.06 + 1.32\,\ln(X_{i})\

다음 중 결과의 해석으로 옳은 것을 고르시오. (단, \(\ln()\)은 자연로그를 의미한다.)",기업의 연구개발비가 백만원 증가하면 매출액은 132만원 증가한다.,기업의 매출액이 백만원 증가하면 연구개발비는 132만원 증가한다.,기업의 연구개발비가 백만원 증가하면 매출액은 1.32\% 증가한다.,기업의 연구개발비가 1\% 증가하면 매출액은 1.32\% 증가한다.,기업의 연구개발비가 1\% 증가하면 매출액은 132만원 증가한다.,D
34,계량경제,비선형 회귀모형,H,N,Y,"근로자의 소득과 교육의 관계를 추정하기 위해 이차 다항 회귀 모형을
이용해 다음 결과를 얻었다.

\widehat{Y_{i}} = 3.2 + 2.3X_{i} - 0.03{X_{i}}^{2}\

여기서 \(Y_{i}\)는 근로자의 시간당 임금(단위는 천원), \(X_{i}\)는
근로자의 교육연수 (단위는 년)을 의미한다. 교육연수가 13년인 근로자가
추가로 교육을 더 받아서 교육연수가 16년이 된다면 그의 시간당 임금은
얼마나 변하는가? 다음 보기 중에서 고르시오.",2.24(천원),2.30(천원),4.29(천원),5.54(천원),6.81(천원),C
35,계량경제,비선형 회귀모형,H,N,Y,"근로자의 소득과 나이의 관계를 추정하기 위해 이차 다항 회귀 모형을
이용해 다음 결과를 얻었다.

\widehat{Y_{i}} = 62 + 5.4X_{i} - 0.06{X_{i}}^{2}\

여기서 \(Y_{i}\)는 근로자의 소득, \(X_{i}\)는 나이를 의미한다. 근로자의
평균 소득이 가장 큰 나이는 언제인가? 다음 보기 중 고르시오.",41,43,45,54,90,C
36,계량경제,비선형 회귀모형,H,N,Y,"회귀 모형 \(Y_{i} = \beta_{0} + \beta_{1}X_{1i} + \beta_{2}X_{2i} + \beta_{3}X_{1i}X_{2i} + u_{i}\)을 최소제곱법으로 추정하여 다음식을 얻었다.

\widehat{Y_{i}}\, = \, 43.5\, + \, 1.6X_{1i} - \, 2.3\, X_{2i} + \, 0.3\, X_{1i}X_{2i}\

여기서 \(Y_{i}\)는 \(i\)번째 근로자의 연간 소득(단위는 백만원) 그리고
\(X_{1i}\)는 대학 졸업 더미변수(대학 졸업자는 1, 고등학교 졸업자는 0),
\(X_{2i}\)는 여성 더미변수(남성이면 0, 여성이면 1)이다. 다음 중 대졸
남성 근로자의 평균 연간 소득으로 옳은 것은?",41.5(백만원),42.8(백만원),43.1(백만원),45.1(백만원),45.4(백만원),D
37,계량경제,비선형 회귀모형,H,N,Y,"회귀 모형 \(Y_{i} = \beta_{0} + \beta_{1}X_{1i} + \beta_{2}X_{2i} + \beta_{3}X_{1i}X_{2i} + u_{i}\)을
최소제곱법으로 추정하여 다음식을 얻었다.

\widehat{Y_{i}}\, = \, 43.5\, + \, 1.6X_{1i} - \, 2.3\, X_{2i} + \, 0.3\, X_{1i}X_{2i}\

여기서 \(Y_{i}\)는 \(i\)번째 근로자의 연간 소득 (단위는 백만원) 그리고
\(X_{1i}\)는 대학 졸업 더미변수 (대학 졸업자는 1, 고등학교 졸업자는 0),
\(X_{2i}\)는 여성 더미변수 (남성이면 0, 여성이면 1)이다. 다음 중 대졸
여성 근로자와 고졸 여성 근로자의 평균 연간 소득의 차이를 옳게 구한 것은?
(``대졸 여성 근로자의 연간 소득 -- 고졸 여성 근로자의 연간 소득''을
구하시오)",0.3(백만원),-0.3(백만원),1.6(백만원),1.9(백만원),2.3(백만원),D
38,계량경제,수요곡선 추정,H,N,Y,"커피 원두 가격을 \(p_{t}\)라 하고 원두의 공급량을 \(q_{t}\)라 하자.
커피 원두의 가격은 다음과 같이 결정된다.

\ln(p_{t})\, = \,\beta_{0\,} + \beta_{1}\,\ln(q_{t})\, + u_{t}\

지난 30년간 세계 커피 시장에서 관찰한 분기별 자료를 이용해서 위 식을 추정해서 다음 결과를 얻었다.

\ln(p_{t})\, = \, 12.5 - 0.56\,\,\ln(q_{t})\

만일 원두 공급량이 5% 감소하면, 원두 가격은 얼마나 변화하게 될까? 다음 보기 중 고르시오.",-0.56%,0.56%,2.80%,5.60%,28.00%,C
39,계량경제,선형 확률 모형,H,N,Y,"근로자의 나이와 성별이 그의 실업 여부에 미치는 영향을 추정하고자
한다. \(Y\)는 실업 여부(실업자는 \(Y = 1\), 취업자는 \(Y = 0\)),
\(X_{1}\)는 나이, \(X_{2}\)는 남성 더미변수(남성은 \(X_{2} = 1\), 여성은
\(X_{2} = 0\))이다. 선형확률모형을 사용하여 다음 결과를 얻었다.

\widehat{Y} = 0.055 + 0.003X_{1} - 0.04X_{2} + 0.001X_{1}X_{2}\

기영은 35세 남성이다. 위 선형확률모형을 사용해서 기영의 실업 확률을 예측한 것으로 옳은 것은?",0.16,0.155,0.12,0.1,0.085,B
40,경제학,거시경제학,H,N,N,"A국의 T-1년에는 경제활동인구 500만 명 중 50만 명이 실업자였다. T년에는 작년 실업자의 50%는 구직을 단념하였고, 작년 실업자의 12%는 취업에 성공하였다. 생산가능인구 등 다른 조건의 변화가 없을 때, 올해의 실업률은 얼마인가?",0.04,0.05,0.06,0.07,0.08,A
41,경제학,거시경제학,H,N,Y,"아래의 케인즈 단순모형을 바탕으로, 완전고용국민소득을 달성하기 위해
정부는 조세를 얼마나 증가시켜야 하는가?

(AE\, = \, C\, + \, I\, + \, G\ \ C\, = \, 0.75(Y - T)\, + \, 200\ \ I\, = \, 75\, + \, 0.1Y,\, G\, = \, 100,\, T\, = \, 100\ \ Y_{F}\, = \, 1,900(완전고용국민소득)\)

(단, AE는 총지출, Y는 균형국민소득, C는 소비, T는 투자, G는 정부지출이다.)",5 증가,10 증가,15 증가,20 증가,25 증가,D
42,경제학,거시경제학,H,N,Y,"A국의 단기 필립스 곡선이 아래와 같다고 한다. 민간이 물가에 대한
예상을 \({\pi_{t}}^{e} = \frac{\pi_{t - 1} + \pi_{t - 2}}{2}\)와 같이
하고, 이전까지 물가상승률은 4\% 실업률은 2.5\%를 유지하였다. 정부가
점진적인 반인플레이션 정책을 통해 t시점에서 물가상승률을 3\%,
t+1시점부터 물가상승률을 2\%로 영원히 낮추는 정책을 시행하고자 한다.
이때, t+1, t+2 시점에서 실업률을 구하면?

\pi_{t} = {\pi_{t}}^{e} + \alpha(\mu_{n} - \mu_{t}),\,\ \mu_{n}\, = \, 2.5,\,\alpha\, = 2\
(단, \(\pi\)는 물가상승률, \(\pi^{e}\)는 기대 물가상승률, \(\mu\)는 실업률, \(\mu_{n}\)는 자연실업률을 나타낸다.)","t+1시점 3%, t+2시점 2.5%","t+1시점 3%, t+2시점 2.75%","t+1시점 3.25%, t+2시점 2.75%","t+1시점 3.25%, t+2시점 3%","t+1시점 3.25%, t+2시점 3.25%",C
43,경제학,거시경제학,H,N,Y,"생산함수가 \(Y = K^{\alpha}(AL)^{1 - \alpha}\)이고, 기술(A)의 변화율이 \(g\)인 솔로우 모형을 가정하자. \(\alpha = 0.6\),
\(g = 0.5\)라고 할 때, 정상상태에서 실질임금의 증가율은 얼마인가? (단, L는 노동, K는 자본의 의미한다.)",0.2,0.24,0.3,0.4,0.5,E
44,경제학,거시경제학,H,N,Y,"아래는 솔로우 성장모형을 나타낸 것이다. 이 경제의 황금률 수준에서 소비량은?

1인당 생산함수 & \(y = k^{\, 1/2}\) \\
감가상각률(\(\delta\)) & 0.03 \\
인구증가율(n) & 0.03 \\
기술진보율(g) & 0.04 \\
저축률(s) & 0.4 \\

단, \(k\)는 효율노동자 1인당 자본량, \(y\)는 효율노동자 1인당 생산량을 나타낸다.",2.5,5,9,16,25,A
45,경제학,거시경제학,H,N,N,"A국 경제에서는 실업률이 1%p 상승할 때 마다, 정부지출은 15억 원 증가하고, 조세는 5억 원 감소한다고 한다. 현재 A국의 희생비율이 3이고, 오쿤의 법칙에 따라 실업률이 1% 상승하면, 실질 GDP는 2.5% 감소한다고 한다. A국 정부는 통화 긴축을 통해 인플레이션율을 7%에서 2%로 낮추고자 한다. 현재 A국 재정수지가 100억 원 흑자일 때, 통화긴축으로 재정수지는 어떻게 변하겠는가?",10억 원 적자,20억 원 적자,40억 원 적자,80억 원 적자,100억 원 적자,B
46,경제학,거시경제학,H,N,N,"A기업의 자본(K)의 한계생산(\({MP}_{K}\))이 50-0.2K이고, 감가상각률은
10\%이다. 자본재의 가격은 단위당 10,000원이고, 생산물의 가격은 단위당
1,000원으로 일정하다. 실질 이자율이 초기 10\%에서 6\%로 하락하였을 때,
이 기업의 적정 자본량에 도달하기 위해 투자(I)를 얼마나 증가시켜야
하는가?(단, 다른 조건은 일정하다)",I=2,I=4,I=6,I=8,I=10,A
47,경제학,거시경제학,H,N,Y,"어느 경제의 장기총생산함수가 \(Y = 80L^{0.5}\)이고, 노동공급함수는
\(L^{s} = 1,600(W/P)\)라고 한다. 생산가능인구가 2,000명이라고 할 때,
장기총생산량은 얼마인가? (단, W는 명목임금, P는 물가수준을 나타낸다.)",400,800,1600,3200,4000,D
48,경제학,거시경제학,H,Y,N,"K국은 A와 B만 생산하는 국가이며, 재화의 생산량과 가격은 아래와 같다.
T+1년도의 전년대비 실질 GDP의 변화율이 10\%이고, GDP디플레이터로 평가한
물가상승률이 10\%라고 한다. 이를 바탕으로 아래 표의 (B)에서 (A)를 차감한
값은?(단, 기준연도는 T년도 이다.)

\begin{longtable}{lcccc}
\toprule
연도   & A재 가격 & A재 생산량 & B재 가격 & B재 생산량 \\
\midrule
T     & 10 & 100 & 20 & 50 \\
T+1   & 12 & 110 & 20 & \\
\bottomrule
\end{longtable}",20,25,30,35,40,D
49,경제학,거시경제학,H,N,Y,"어느 국가의 총생산함수는 \(Y = {AL}^{0.5}K^{0.5}\)이고, 연간
경제성장률은 4%, 연간 자본증가율은 4%, 연간 노동 증가율은 2%라고
한다. 성장회계를 바탕으로 총요소생산성이 경제성장에 기여하는 비율은?
(단, Y는 총생산, A는 총요소생산성, K는 자본, L는 노동이다.)",10%,20%,25%,40%,50%,C
50,경제학,거시경제학,H,N,Y,"어느 폐쇄경제의 생산물 시장과 화폐시장이 아래와 같다고 한다. 정부가
통화량을 50 증가시킬 때, 균형국민소득을 일정하게 유지하기 위해
정부지출을 얼마나 변화시켜야 하는가?

소비 : C = 300+0.8(Y-T)

투자 : I=200-10r

정부지출(G) = 조세(T) = 100

화폐수요 : \(M^{d} = 300 + 0.5Y - 25r\)

화폐공급 : \(M^{s} = 900\)

(단, Y은 국민소득, r은 이자율을 나타낸다)",50 감소,20 감소,10 감소,20 증가,50 증가,B
51,경제학,거시경제학,H,N,Y,"실질임금에 따른 근로자들의 근로효율(e)이 아래와 같이 주어져 있다고
한다. 경제활동 인구의 수가 500명이고, 노동의 한계 생산물이
\({MP}_{L} = e(500 - L)/15\)일 때, 실질임금이 12라면 실업률은
얼마인가?(단, 노동시장은 경쟁적이고, 실업은 비자발적 실업만 존재한다.)

\begin{longtable}[]{@{}
  >{\centering\arraybackslash}p{(\linewidth - 2\tabcolsep) * \real{0.2356}}
  >{\centering\arraybackslash}p{(\linewidth - 2\tabcolsep) * \real{0.2356}}@{}}
\toprule\noalign{}
\endhead
\bottomrule\noalign{}
\endlastfoot
실질임금(w) & 근로효율(e) \\
9 & 6 \\
12 & 9 \\
15 & 12 \\
\end{longtable}",2%,4%,8%,10%,12%,B
52,경제학,거시경제학,H,N,N,"다음 중 리카도 등가정리에 대한 설명으로 올바르지 않은 것을 고르면?

가. 정부지출이 일정할 때, 재원조달 방식을 조세에서 국채 발행으로 변경하면 소비지출이 증가할 것이다. 
나. 경제주체가 합리적이라면, 국채 발행을 통한 세금 감축은 실물경제에 영향을 미치지 못한다. 
다. 국채가 발행되면 정부저축 감소분만큼 민간저축이 늘어나 경제 전체의 총저축에 변화가 없을 것이다. 
라. 민간이 차입제약에 직면한 경우에도 세금 감축으로 인한 소비 증가는 나타나지 않는다. ","가, 나","가, 다","가, 라","나, 다","나, 라",C
53,경제학,거시경제학,H,N,Y,"K국 필립스 곡선의 형태가 아래와 같다고 한다. 이에 대한 설명으로 가장 올바르지 않은 것은?

\pi = \pi^{e} + \beta(\mu_{n} - \mu)\
(단, \(\pi\)는 물가상승률, \(\pi^{e}\)는 기대물가상승률, \(\mu\)는
실업률, \(\mu_{n}\)은 자연실업률이고, 상수 \(\beta\rangle 0\)이다.","실업률이 자연실업률과 같은 경우, 실제 물가 상승률은 기대 물가 상승률과
같아진다.","경제주체의 기대가 완전예견인 경우, 실업률은 항상 자연실업률과
일치한다.","실업률이 자연실업률보다 높을 때, 물가상승률은 기대물가 상승률보다
낮아진다.","물가가 실업률 변화에 반응하는 정도가 클수록 필립스 곡선의 기울기가
가파른 형태가 된다.","물가가 실업률 변화에 반응하지 않는 경우, 총공급곡선은 수직선의 형태가
된다.",E
54,경제학,거시경제학,H,Y,N,"아래는 K국의 전기 대비 물가상승률과 명목임금 상승률을 나타낸 것이다.
이에 대한 설명으로 올바른 것을 짝지은 것은?

\begin{longtable}[]{@{}
  >{\centering\arraybackslash}p{(\linewidth - 8\tabcolsep) * \real{0.1049}}
  >{\centering\arraybackslash}p{(\linewidth - 8\tabcolsep) * \real{0.0902}}
  >{\centering\arraybackslash}p{(\linewidth - 8\tabcolsep) * \real{0.0902}}
  >{\centering\arraybackslash}p{(\linewidth - 8\tabcolsep) * \real{0.0902}}
  >{\centering\arraybackslash}p{(\linewidth - 8\tabcolsep) * \real{0.0902}}@{}}
\toprule\noalign{}
\endhead
\bottomrule\noalign{}
\endlastfoot
기간 & T기 & T+1기 & T+2기 & T+3기 \\
물가상승률 & 5\% & 10\% & 15\% & 10\% \\
명목임금 상승률 & 5\% & 5\% & 20\% & 5\% \\
\multicolumn{5}{@{}>{\centering\arraybackslash}p{(\linewidth - 8\tabcolsep) * \real{0.4659} + 8\tabcolsep}@{}}{%
가. T-1기와 T기의 실질임금은 동일하다.

나. T기 이후 실질임금은 매년 상승하였다.

다. T+2기에 명목임금이 가장 높다.

라. T+3기에 물가수준이 가장 높다.} \\
\end{longtable}","가,나","가,다","가,라","나,다","나,라",C
55,경제학,거시경제학,H,N,N," 다음 중 개방경제의 국민소득계정 항등식을 활용한 설명으로 올바른 것을 짝지은 것은?

가. 국민저축이 투자를 초과하면 경상수지는 흑자이다. 
나. 총지출이 생산을 초과하면 경상수지는 흑자이다. 
다. 저축이 투자를 초과하면 순자본유출이 발생한다. 
라. 지출이 생산을 초과하면 순해외투자는 양(+)이 된다. ","가, 나","가, 다","나, 다","나, 라","다, 라",B
56,경제학,거시경제학,H,N,N,"다음 중 실물경기변동(RBC) 이론과 관련된 설명으로 올바르지 않은 것을 모두 고르면?

가. 임금 및 가격이 경직적이다. 
나. 화폐의 중립성이 성립하여 통화량의 변화가 경기변동을 유발할 수 없다. 
다. 노동시장에서 시장청산이 이루어지므로 실업은 자발적이라고 본다. 
라. 불균형상태에서 균형산출량(완전고용산출량) 수준으로 수렴하는 과정에서 경기변동이 발생한다고 설명한다.","가, 나","가, 다","가, 라","나, 다","다, 라",C
57,경제학,거시경제학,H,N,N,"IS-LM 모형에서 확장적인 통화정책이 소득에 미치는 효과에 대한 설명으로 올바르지 않은 것을 모두 고르면?

가. 화폐수요의 이자율 탄력성이 클수록 소득증가 효과가 커진다. 
나. 투자지출의 이자율 탄력성이 클수록 소득증가 효과가 커진다. 
다. 지급준비율의 값이 클수록 소득증가 효과가 커진다. 
라. 한계소비성향의 값이 클수록 소득증가의 효과가 커진다. ","가, 나","가, 다","가, 라","나, 다","다, 라",B
58,경제학,거시경제학,H,N,N,"다음 중 중첩임금계약모형에 대한 설명으로 올바른 것을 짝지은 것은?

가. 실질임금의 하방경직성을 설명하는 모형이다. 
나. 임금 계약을 체결할 때 자신의 임금 뿐만 아니라 다른 경제주체들의 임금을 고려하여 임금을 결정한다. 
다. 동시에 임금을 계약하는 경우보다, 명목임금의 변화가 더 작아지게 된다. 
라. 총수요 충격으로 경기가 호황이 되면 명목임금이 상승하므로 실질임금이 상승한다. ","가, 나","가, 다","나, 다","나, 라","다, 라",C
59,경제학,거시경제학,H,N,N,"아래의 내용을 바탕으로 A국 경제에 대하여 올바르게 설명한 것을 짝지은 것은?

A국 정부의 2024년 최저 임금은 시간당 9,860원이다. 이는 전년 9,620원 대비 2.5% 증가한 것이다. 한편, 2024년 A국의 소비자 물가지수(2020년 기준)는 114.9로 전년 대비 약 1.9% 상승한 것으로 나타났다. 

가. 2020년 대비 2024년 소비자 물가지수 상승률은 14.9%이다. 
나. 2024년 최저임금의 실질 가치가 전년 대비 상승하였다. 
다. 2024년 최저임금의 구매력이 전년 대비 감소하였다.
라. 최저임금이 시장의 균형 임금수준보다 낮을 때, 최저임금 정책의 효과가 나타난다. ","가, 나","가, 다","나, 다","나, 라","다, 라",A
60,경제학,국제경제학,H,N,N,"아래의 내용을 바탕으로 한국의 국제수지에 대하여 올바르게 설명한 것을 고르면?
최근 발표된 한국의 3분기 국제수지 통계에 따르면 경상수지가 상당한 규모의 흑자를 기록하였다. 상품수지 흑자폭이 확대되었고, 서비스수지는 소폭 적자를 유지했다. 본원소득수지는 해외 자회사로부터의 배당금 수입 증가 등으로 흑자를 기록했다. 금융계정에서는 외국인 직접 투자 순유출이 지속된 반편, 국내 기관의 해외 증권 투자는 순유입을 보였다. 
가. 경상수지 흑자는 자본수지 적자와 동일한 값을 갖을 것이다. 
나. 상품수지 흑자는 수출액이 수입액보다 많음을 의미한다. 
다. 국내 기관의 해외 증권투자 순유입은 국내에서 보유한 해외 금융자산의 감소 요인이다. 
라. 본원소득수지 흑자는 서비스 수출액이 수입액보다 더 큰 값을 갖음을 의미한다. ","가, 나","가, 다","나, 다","나, 라","다, 라",C
61,경제학,국제경제학,H,N,N,"자국통화로 표시한 외국통화 1단위의 가치가 20% 상승하였고, 자국과 외국 물가의 상승률은 각각 5%와 8%라고 하자. 실질환율을 외국 재화 및 서비스 1단위와 교환 가능한 자국의 재화 및 서비스의 양으로 정의 할 때, 실질환율의 변화율은?",17% 상승,17% 하락,23% 상승,23% 하락,33% 상승,C
62,경제학,국제경제학,H,N,N,"소규모 개방경제인 A국의 국내시장에서 X재 수요함수가 P=180-2Q, 공급함수가 P=30+Q로 주어져 있다. A국 정부는 X재 산업을 육성하기 위해 수출 1단위당 10의 보조금을 지급하고 하기로 결정했다. X재 국제 시장가격이 100일 때, 보조금 지급정책으로 A국 소비자의 후생은 얼마나 감소하는가? (단, 는 가격, 는 생산량이다.)",50,200,375,750,1500,C
63,경제학,국제,H,N,N,"현재 한국과 미국의 이자율과 현물환율이 아래와 같다고 한다. 현재 기대하는 1년 후의 환율이 105원/달러 상승하였다면, 현물환율의 값은 어떻게 변화하겠는가? (단, 이자율 평가설이 성립한다고 가정하고, 다른 조건에 변화는 없다.)

● 한국 1년 만기 채권 수익률 = 7%
● 미국 1년 만기 채권 수익률 = 2%
● 현물 환율 = 1,300원/달러
","1,325원/달러","1,350원/달러","1,375원/달러","1,400원/달러","1,425원/달러",D
64,경제학,국제경제학,H,N,N,"소규모 개방경제인 A국은 X재에 대한 국내 공급곡선이 P=Q이고, 국내 수요곡선은 P=30-Q라고 한다. 국제시장에서 X재 가격이 5이고, 정부는 관세를 부과하여 관세수입을 극대화 하고자 한다. 극대화된 관세수입의 값은? (단, P는 가격, Q는 생산량이다.)",10,20,30,40,50,E
65,경제학,국제경제학,H,N,N,"어느 소규모 개방경제에서 X재는 국내 기업이 독점적으로 생산하고
있으며, 수입이 금지되어 있다. 이 상품에 대한 국내 수요, 독점기업의
비용구조, 국제가격이 아래와 같이 주어져 있다고 한다. 만약, 이 국가가
X재의 수입을 허용할 경우, 이 상품의 국내 생산량은 얼마인가?

국내수요 : \(Q = 60 - 0.5P\)
생산비용 : \(TC\, = \, Q^{2} + 20Q + 15\)
국제가격 : \(P^{w} = 30\)",5,10,20,40,45,A
66,경제학,국제,H,N,N,"개방경제인 K국은 국내총생산(GDP)의 4,000이고, 소비지출과 투자지출의 값은 각각 2,400과 1,200이다. 조세의 크기는 600이고, 재정수지는 200만큼 적자를 기록하고 있다. K국 투자 재원 중 외국에 의존하고 있는 비중은?",01월 06일,01월 05일,01월 04일,01월 03일,01월 02일,D
67,경제학,국제,H,N,N,"아래는 A국과 B국의 X재에 대한 수요와 공급을 나타낸 것이다. X재가 유일하게 생산하여 소비하는 상품이라고 할 때, X재 교역과 관련된 설명으로 올바르지 않은 것을 짝지은 것은?
A국 수요함수 P = 60 - Q
A국 공급함수 P = Q - 30
B국 수요함수 P = 25 - Q
B국 공급함수 P = Q - 5
가. 교역을 하지 않는 경우, 균형 생산량은 B국이 A국보다 더 높다. 
나. 교역을 하지 않는 경우, 균형가격은 A국이 B국보다 더 높다. 
다. 교역을 하는 경우, A국이 수출국, B국이 수입국이 된다. 
라. 교역 이후 세계 시장가격은 교역 전 A국과 B국 균형가격의 평균이다. ","가, 나","가, 다","나, 다","나, 라","다, 라",B
68,경제학,국제경제학,H,N,N,"T기에 한국과 미국의 명목 이자율과 물가상승률이 아래와 같다고 한다. 이자율 평가설이 성립한다고 할 때, T+1기의 실질환율 변화율에 대한 기댓값은? (단, 경제주체는 정태적 기대를 한다고 가정하고, 실질환율은 외국 상품 한 단위와 교환되는 한국 상품의 수로 정의한다.)
한국 금리 : 5%
미국 금리 : 3%
한국 물가상승률 : 3%
미국 물가상승률 : 5%",-0.01,0.01,0.02,0.03,0.04,E
69,경제학,국제경제학,H,N,Y,"아래는 A국과 B국의 X재와 Y재에 1단위 생산에 필요한 노동력을 나타낸
것이다. 국제무역이 개시되어 \(\frac{P_{X}}{P_{Y}} = \frac{2}{3}\)일 때
양국의 명목임금비율 \(\frac{W_{A}}{W_{B}}\)의 값은 얼마인가?(단,
\(W_{A},\, W_{B}\)는 각각 A국과 B국의 실질임금을 나타낸다.)

\begin{longtable}[]{@{}
  >{\centering\arraybackslash}p{(\linewidth - 4\tabcolsep) * \real{0.1572}}
  >{\centering\arraybackslash}p{(\linewidth - 4\tabcolsep) * \real{0.1572}}
  >{\centering\arraybackslash}p{(\linewidth - 4\tabcolsep) * \real{0.1572}}@{}}
\toprule\noalign{}
\endhead
\bottomrule\noalign{}
\endlastfoot
& X재 & Y재 \\
A국 & 4 & 4 \\
B국 & 2 & 4 \\
\end{longtable}",01월 04일,01월 02일,03월 04일,1,2,C
70,경제학,국제경제학,H,Y,N,"국내 자산의 수익률은 10\%이고 해외 자산의 수익률은 5\%이며, 다음 기
명목환율(\(S_{t + 1}\))의 확률분포는 아래와 같다. 모든 투자자가
위험중립적이며, 국내 및 해외 자산의 기대수익률이 동일하다고 할 때, 현재
균형 환율의 값은? (단, 자본의 이동은 자유로우며 환율은
자국통화/해외통화로 나타낸 것이다.)

\begin{longtable}[]{@{}
  >{\centering\arraybackslash}p{(\linewidth - 6\tabcolsep) * \real{0.1180}}
  >{\centering\arraybackslash}p{(\linewidth - 6\tabcolsep) * \real{0.1180}}
  >{\centering\arraybackslash}p{(\linewidth - 6\tabcolsep) * \real{0.1180}}
  >{\centering\arraybackslash}p{(\linewidth - 6\tabcolsep) * \real{0.1180}}@{}}
\toprule\noalign{}
\endhead
\bottomrule\noalign{}
\endlastfoot
\(S_{t + 1}\) & 1,000 & 1,050 & 1,100 \\
확률 & 0.2 & 0.6 & 0.2 \\
\end{longtable}",950,1000,1050,1100,1150,B
71,경제학,국제경제학,H,N,N,"X재의 국제시장 가격은 50달러이며, X재를 만드는데 필요한 중간재인 Y재의 국제시장가격은 30달러이다. K국은 X재에는 20%의 관세를 부과하지만, 중간재인 Y재는 무관세로 수입을 허용한다. K국의 X재 산업에 실효보호관세율은?",0.1,0.2,0.3,0.4,0.5,E
72,경제학,국제경제학,H,N,N,"K국의 수출과 수입이 각각 1,000억 원인 상태에서, K국 정부는 K국 화폐의 가치를 10% 평가절하하였다. K국 수출수요의 가격탄력성이 0.8이고, 수입수요의 가격탄력성이 0.5라고 할 때, 평가절하 이후 무역수지로 올바른 것은?",35억 원 흑자,35억 원 적자,30억 원 흑자,30억 원 적자,25억 원 흑자,A
73,경제학,국제경제학,H,N,N,"아래는 원/달러 환율이 5% 상승했을 때 수출액의 변화를 나타낸 것이다. 이에 대한 아래의 분석 중 올바른 것을 짝지은 것은? (단, 국내 제품의 가격변화는 없으며, 국내 가격에 환율을 반영하여 해외시장에 판매한다.)
\begin{longtable}[]{@{}
  >{\centering\arraybackslash}p{(\linewidth - 8\tabcolsep) * \real{0.1434}}
  >{\centering\arraybackslash}p{(\linewidth - 8\tabcolsep) * \real{0.0823}}
  >{\centering\arraybackslash}p{(\linewidth - 8\tabcolsep) * \real{0.0823}}
  >{\centering\arraybackslash}p{(\linewidth - 8\tabcolsep) * \real{0.0823}}
  >{\centering\arraybackslash}p{(\linewidth - 8\tabcolsep) * \real{0.0823}}@{}}
\toprule\noalign{}
\endhead
\bottomrule\noalign{}
\endlastfoot
제품 & A & B & C & D \\
수출액

변화율 & 10\% & 5\% & 0\% & -3\% \\
\multicolumn{5}{@{}>{\centering\arraybackslash}p{(\linewidth - 8\tabcolsep) * \real{0.4725} + 8\tabcolsep}@{}}{%
가. 원화의 가치가 하락할 때, A 제품의 수출량은 증가한다.

나. 원화의 가치가 하락할 때, B 제품의 수출량은 변화하지 않는다.

다. 해외 시장에서 C 제품의 수요는 가격에 단위 탄력적이다.

라. 해외 시장에서 수요의 가격탄력성이 가장 큰 제품은 D이다.} \\
\end{longtable}","가, 나","가, 다","나, 다","나, 라","다, 라",B
74,경제학,국제경제학,H,N,N,"다음 중 국제무역에 대한 설명으로 올바른 것을 짝지은 것은?

가. 수입품의 국제가격이 상승하면 교역조건이 개선된다.
나. 국내의 독점적 경쟁시장이 개방되면 일반적으로 국내 생산량은 증가하고 가격은 하락한다. 
다. 산업 내 무역은 제품차별화 또는 규모의 경제로 인해 발생한다. 
라. 헥셔-올린 모형에 따르면 노동이 상대적으로 풍부한 국가에서는 대외 교역으로 인해 노동집약적 산업의 자본집약도가 상승한다.  ","가, 나","가, 다","나, 다","나, 라","다, 라",E
75,경제학,국제,H,N,Y,"아래는 K국과 U국의 생산함수와 자본부존량을 나타낸 것이다. 국제
자본의 이동을 자본의 한계생산의 격차로 설명할 때, 다음 중 올바르지 않은
것을 짝지은 것은?

K국 생산함수 : \(Y = - \frac{1}{16}K^{2} + 25K + 100\)
U국 생산함수 : \(Y = - \frac{1}{8}K^{2} + 35K + 60\)
K국 자본량 =180단위, U국 자본량 = 100단위 \\

가. K국에서 U국으로 자본이 20단위 이동한다.
나. 자본 이동 전에 K국 자본수익률이 더 높다.
다. 자본이동 후 K국의 생산량은 증가한다.
라. 자본이동 후 U국 자본가의 총수입은 감소한다.","가,나","가,다","나,다","나,라","다,라",C
76,경제학,국제경제학,H,N,Y,"다음 중 아래의 식에 대한 설명으로 올바른 문장의 개수는?

이자율 평형 식 :
\(i_{t} = {i_{t}}^{f} + \frac{{E_{t + 1}}^{e} - E_{t}}{E_{t}} + \rho\)

(단, \(i_{t}\)는 국내 이자율, \({i_{t}}^{f}\)해외 이자율, \(E_{t}\)는
t기의 명목환율, \({E_{t + 1}}^{e}\)는 t+1기에 명목환율에 대한 기대,
\(\rho\)는 국내 채권의 부도 위험을 의미한다.) \\
가. \(E_{t}\)는 자국 통화로 표시된 환율이다.

나. 다른 조건이 일정할 때, \({E_{t + 1}}^{e}\)의 상승은 \(E_{t}\)의 값을
상승시킨다.

다. \(\rho\)의 값이 0일 때, 국내와 해외의 1년 만기 채권 기대수익률이
동일함을 의미한다.

라. \(\rho\)의 값이 0보다 클 때, 해외 자산이 국내 자산보다 위험함을
의미한다. \\",0,1,2,3,4,D
77,경제학,국제경제학,H,N,N,"K국은 노동과 자본을 사용하여 노동 집약적인 X재와 자본집약적인 Y재를 생산한다고 한다. 헥셔-올린 모형을 바탕으로 K국이 X재를 수출한다고 할 때, 올바른 것을 짝지은 것은?

가. K국은 노동풍부국이다. 
나. K국에서 자본의 실질소득이 증가한다. 
다. K국의 X재에 대한 Y재의 상대가격은 상승한다. 
라. K국의 자본에 대한 노동의 상대가격이 상승한다. ","가, 나","가, 다","가, 라","나, 다","다, 라",C
78,경제학,국제경제학,H,N,N,"A국은 자본이동이 완전히 자유로운 고정환율제도를 채택한 소규모 개방경제이다. A국이 정부지출을 증가시킬 경우 나타나는 변화를 먼델-플레밍 모형을 바탕으로 올바르게 설명한 것을 짝지은 것은? (단, IS곡선은 우하향, LM곡선은 우상향한다.)

가. A국 통화량이 증가한다. 
나. A국 IS곡선이 좌측으로 이동한다. 
다. A국 균형국민소득은 증가한다. 
라. A국 화폐가치 하락의 압력이 발생한다. ","가, 나","가, 다","가, 라","나, 다","다, 라",B
79,경제학,국제경제학,H,N,N,"변동환율제도를 채택하고 있는 A국 중앙은행이 외환시장에서 자국의 화폐를 매입하고 미국의 달러를 매각하였다. 이로 인해 나타날 현상으로 올바른 것을 짝지은 것은?

가. A국 본원통화량이 증가할 것이다. 
나. 미국 달러에 대한 A국 화폐의 가치가 상승할 것이다. 
다. A국 달러표시 채무에 대한 부담이 증가할 것이다. 
라. 수입 원재료를 사용하는 기업의 생산비용이 감소할 것이다. ","가, 나","가, 다","나, 다","나, 라","다, 라",D
80,경제학,화폐금융,H,N,N,"매기에 100원의 소득을 받는 급여소득자 A는 다음 기가 시작되기 전에 100원의 소득을 다 써버리며, 지출은 매 시점마다 균등하게 이루어진다. 소득은 은행 예금과 현금의 형태로만 보유하며, 은행 예금을 화폐로 인출할 때마다 0.5원의 고정비용이 발생하고, 인출금액은 M으로 동일하다. 매기 은행의 예금 이자율 r=4%일 때, A의 화폐 보유에 따른 총비용이 최소가 될 때, 그 값은 얼마인가?",1,2,3,4,5,B
81,경제학,화폐금융,H,N,N,"아래는 금융기관 A의 재무상태표를 나타낸 것이다. 금융기관 A의 자산은 모두 대출로 구성되어 있고, 부채는 모두 예금으로 구성되어 있다고 가정하자. 금융기관 A의 대출이자율이 6%, 예금이자율이 4%일 때, 자산수익률(ROA)와 자본수익률(ROE)를 올바르게 짝지은 것은?(단, 예금이자 외에 기타 비용은 발생하지 않고, 대출에 대한 연체도 없다.)

<금융기관 A의 B/S : 자산 100억 원, 부채 80억 원, 자기자본 20억 원> ","ROA 2.8%, ROE 7%","ROA 2.8%, ROE 14%","ROA 2.8%, ROE 21%","ROA 3.5%, ROE 7%","ROA 3.5%, ROE 14%",B
82,경제학,화폐금융,H,N,Y,"K국 통화당국의 손실함수와 필립스 곡선이 아래와 같다. 인플레이션에
대한 민간의 기대가 형성되어 있다고 할 때, 통화당국의 손실을 최소화하기
위한 목표 인플레이션율은?

통화당국의 손실함수 : \(L(\pi,\,\mu) = (\mu - \mu_{n}) + \pi^{2}\)

필립스 곡선 : \(\pi = \pi^{e} - 0.25(\mu - \mu_{n})\)

(단, \(\pi\)는 인플레이션율, \(\pi^{e}\)는 민간의 기대인플레이션율,
\(\mu\)는 실업률, \(\mu_{n}\)는 자연 실업률이며, 단위는 \%이다.)",1%,2%,3%,4%,5%,B
83,경제학,화폐금융,H,N,N,"한국과 미국은 화폐수량설이 성립한다고 한다. 아래의 조건을 바탕으로 실질환율의 변화율을 구하면?(단, 실질환율은 미국 재화 한 단위와 교환되는 한국 재화의 수로 정의하며, 양국의 화폐유통속도는 상수이다.)

● 한국 통화량 변화율 : 4%
● 한국 실질 GDP 변화율 : 3%
● 미국 통화량 변화율 : 6%
● 미국 실질 GDP 변화율 : 4%
● 원/달러 환율 변화율 : 8%",0.09,0.1,0.11,0.12,0.13,A
84,경제학,화폐금융,H,N,N,"A국의 현재 시점 기준 채권시장에서 1년 만기, 2년 만기, 3년 만기, 4년 만기 국채의 수익률은 각각 3%, 5%, 6%, 7%이다. 현재 시점이 t이라고 할 때, t+1, t+2, t+3년 후 시점에서 기대되는 1년 만기 채권의 수익률을 모두 합한 값은? (단, 이자율 기간구조에 대한 기대이론이 성립한다고 가정한다.)",0.21,0.22,0.23,0.24,0.25,E
85,경제학,화폐금융,H,N,N,"투자자 K는 두 위험자산 X와 Y로 구성된 포트폴리오에 투자하고자 한다. 위험자산 X의 기대수익률과 표준편차는 각각 9%, 8%이고, 자산 B의 기대수익률과 표준편차는 각각 6%, 4%이다. 
두 자산의 상관계수가 –1이고, 투자자 K가 위험을 최소화하는 포트폴리오를 구성한다고 할 때, 자산 X의 보유비율과 자산 Y의 보유비율은 각각 얼마인가? ","자산 X의 보유비율 1/4, 자산 Y의 보유비율 3/4","자산 X의 보유비율 1/3, 자산 Y의 보유비율 2/3","자산 X의 보유비율 1/2, 자산 Y의 보유비율 1/2","자산 X의 보유비율 2/3, 자산 Y의 보유비율 1/3","자산 X의 보유비율 3/4, 자산 Y의 보유비율 1/4",B
86,경제학,화폐금융,H,N,N,"A는 은행에서 X원을 대출받았고, 대출의 원금과 이자를 1년 후부터 10년간 매년 동일한 금액을 균등하게 상환하기로 계약하였다. 대출이자율이 7.5%로 고정되어있으며, 상환금액의 현재가치는 대출금과 일치한다고 한다. A가 매년 상환해야 하는 금액은 원금의 몇 %인가? (단, 1.075의 10제곱은 2로 계산한다.)",0.1,0.12,0.15,0.18,0.2,C
87,경제학,화폐금융,H,N,N,"채권가격이 10만 원이고, 이 채권의 수정 듀레이션이 6이라고 한다. 만약 이 채권의 만기수익률이 0.25%p 상승한다면 이 채권가격은 얼마가 되겠는가?","85,000원","97,500원","98,500원","100,150원","100,250원",C
88,경제학,화폐금융,H,N,N,"액면가 100만 원, 표면 이자율 10%, 만기가 3년인 채권을 만기수익률이 10%인 가격에 매입하였다. 보유 후 첫 이자를 지급 받은 직후 만기수익률이 5%로 하락하여 채권을 즉시 매도하였다. 1년간 보유수익률은?
(단, 10/1.05=9.5, 10/1.05의 제곱=9.1로 계산한다.)",0.091,0.095,0.191,0.195,0.196,E
89,경제학,화폐금융,H,N,Y,"K국의 화폐수요함수와 소득이 아래와 같다고 한다. 실질소득이 4000이고
명목이자율(\(i\))이 0.05 때, 화폐수요의 소득탄력성과 화폐수요의 이자율
탄력성의 합은?

- 화폐수요함수 : \(\frac{M}{P} = L(Y,\, i) = Y^{0.7} \bullet i^{- 0.3}\) ",-1,-0.4,-0.21,0.4,1,D
90,경제학,화폐금융,H,N,N,"무위험 이자율이 3%이고, 시장 포트폴리오의 기대수익률이 8%이다. 어떤 주식의 S의 베타가 1.5일 때, CAPM에 따른 주식 A의 기대수익률은?",0.075,0.09,0.105,0.12,0.15,C
91,경제학,화폐금융,H,N,Y,"자산에서는 화폐와 채권 2종류가 존재한다. 화폐 및 채권의 기대수익률과
표준편차와 대표적 투자자의 효용함수가 아래와 같다고 한다. 대표적
투자자가 자산의 w\%는 채권, (1-w)\%는 화폐로 보유할 때, 투자자의 효용을
극대화해주는 화폐수요는?

\begin{longtable}[]{@{}
  >{\centering\arraybackslash}p{(\linewidth - 4\tabcolsep) * \real{0.1553}}
  >{\centering\arraybackslash}p{(\linewidth - 4\tabcolsep) * \real{0.1553}}
  >{\centering\arraybackslash}p{(\linewidth - 4\tabcolsep) * \real{0.1553}}@{}}
\toprule\noalign{}
\endhead
\bottomrule\noalign{}
\endlastfoot
자산 & 기대수익률 & 표준편차 \\
화폐 & 0 & 0 \\
채권 & \(i_{B}\) & \(\sigma_{B}\) \\
\multicolumn{3}{@{}>{\centering\arraybackslash}p{(\linewidth - 4\tabcolsep) * \real{0.4658} + 4\tabcolsep}@{}}{%
대표적 투자자의 효용함수 :\(E(r_{p}) - A{\sigma_{p}}^{2}\)

(단, \(E(r_{p})\)는 대표적 투자자가 보유한 포트폴리오의 기대수익률,
\(\sigma_{p}\)포트폴리오 기대수익률의 표준편차, A는 위험 회피성향으로
0보다 큰 값을 갖는다.)} \\
\end{longtable}",\(\frac{i_{B}}{2A{\sigma_{B}}^{2}}\),\(\frac{i_{B}}{2{\sigma_{B}}^{2}}\),\(\frac{{Ai}_{B}}{2{\sigma_{B}}^{2}}\),\(1 - \frac{i_{B}}{2A{\sigma_{B}}^{2}}\),\(1 - \frac{{Ai}_{B}}{2{\sigma_{B}}^{2}}\),D
92,경제학,화폐금융,H,N,N,"아래에서 설명하는 개념으로 가장 올바른 것은?

이것은 금융시스템의 상황에 따라 자본을 탄력적으로 조정하는 정책 수단으로, 은행 시스템의 경기순응성 문제를 완화하기 호황기에 추가 자본을 적립하고 불황기에 이를 사용하도록 하는 것이다. ",유동성커버리지 비율,스트레스 테스트,경기대응 완충자본,위험가중자산,자본보전 완충자본,C
93,경제학,화폐금융,H,N,N,"현재 A국의 실질이자율은 3%이고, 물가상승률은 5%이다. 명목 이자소득에 25% 소득세가 부과될 경우, A국 세후 실질 이자율은 얼마인가? (단, 피셔방정식이 성립한다고 가정한다.)",0.005,0.01,0.015,0.02,0.025,B
94,경제학,화폐금융,H,N,N,"어느 기업이 시중은행에 보관 중인 예금 중 100만 원을 인출하여 현금으로 보유하였다고 한다. 이에 대한 설명으로 올바른 것을 짝지은 것은?

가. 시중은행의 대차대조표 상 자산 크기의 변동이 없다. 
나. 중앙은행의 대차대조표 상 자산 크기의 변동이 없다. 
다. 중앙은행의 대차대조표의 부채 항목 구성이 변화한다. 
라. 기업의 대차대조표의 부채 항목이 변화한다. ","가, 나","가, 다","나, 다","나, 라","다, 라",C
95,경제학,화폐금융,H,N,N,"1년 후부터 매년 100만 원의 이자를 지급하는 채권이 있다고 한다. 이 채권에 대한 설명으로 올바른 것을 짝지은 것은?

가. 이자를 영구히 지급하는 채권이라면, 이자율이 10%일 때, 채권가격은 1억 원이다. 
나. 높은 인플레이션이 발생하는 경우, 이 채권의 가격이 하락할 것이다. 
다. 채권의 만기가 짧을수록 이자율 변화에 채권의 가격이 민감하게 반응할 것이다. 
라. 이 채권의 만기가 10년이고, 채권의 액면가와 시장가격이 일치하면 경상수익률과 만기수익률이 일치한다. ","가, 나","가, 다","나, 다","나, 라","다, 라",D
96,경제학,화폐금융,H,N,N,"다음 중 파생금융상품에 대한 설명으로 올바른 것을 짝지은 것은?

가. 옵션을 구입한 사람의 만기시점에서 최대 손실은 옵션 구입비용보다 크다. 
나. 기초상품 거래와 달리 선물이나 옵션거래는 제로섬 게임의 성격을 갖는다. 
다. 수출업자는 선물거래를 통해 원화가치의 변화로 발생하는 불확실성에 대비할 수 있다. 
라. 만기시점에서 기초자산의 가격이 행사가격보다 낮으면 풋옵션 매도자는 이익을 보게된다. ","가, 나","가, 다","나, 다","나, 라","다, 라",C
97,경제학,화폐금융,H,N,N,"현금예금비율(=현금/예금)이 0.2이고, 법정지급준비율이 0.05, 초과지금준비율이 0.05라고 할 때, 아래의 설명 중 옳은 것을 짝지은 것은?

가. 통화승수는 5이다. 
나. 사람들이 현금을 더 보유하려고 하면 통화량은 증가할 것이다. 
다. 은행이 초과지급준비율을 낮추면 통화승수의 값은 커진다. 
라. 중앙은행에서 10억 원이 공급되면 통화량은 40억 원 증가한다. ","가, 나","가, 다","나, 다","나, 라","다, 라",E
98,경제학,화폐금융,H,N,N,"K국은 T년도 국제경제의 불확실성 증대로 완화적인 통화정책을 시행하였다. 이러한 정책을 은행 대출경로를 바탕으로 설명한 것 중 올바른 것을 짝지은 것은?

가. 은행 대출의 가용자금 풍부하게 하여 신용을 공급하고자 하는 정책이다. 
나. 이자율이 변하지 않아도 총수요에 직접적 영향을 주기 때문에 이자율 경로가 불확실한 경우에도 작동할 수 있다. 
다. 은행이 국제금융시장 등에서 자금을 충분히 조달할 수 있는 상황에서 정책의 효과가 더 커진다. 
라. 주식 및 채권을 통해 자금을 조달하기 수월한 대기업의 지출에 더 큰 영향을 미칠 것이다. ","가, 나","가, 다","가, 라","나, 다","나, 라",A
99,경제학,화폐금융,H,N,N,"기업 S는 주식 1주당 D원의 배당을 실시하였다. 투자 분석가들에 의하면 기업 S의 배당 금액은 매년 g%만큼 증가할 것으로 예측된다. S기업 주식의 요구수익률이 k%라고 할 때, S기업의 주식의 가치를 고든 성장모형으로 분석한 것으로 올바르지 않은 것을 짝지은 것은?

가. 주가를 계산하기 위해 k는 g보다 큰 양수이어야 한다. 
나. g의 값이 작을수록 S기업의 주가가 높아질 것이다. 
다. k의 값이 클수록 S기업의 주가가 높아질 것이다. 
라. 만약 g의 값이 0이고, 다른 조건에 변화가 없다면, 내년 S기업의 주가는 올해와 동일할 것이다. ","가, 나","가, 다","다, 라","나, 다","나, 라",D
